Workbook

Sheet Data_Dictionary
A1: Dataset | B1: Field Name | C1: Description | D1: Data Type | E1: Role / Meaning | F1: Data Quality Notes
A2: Students_Clean | B2: Student_ID | C2: Unique identifier assigned to each student. | D2: Text | E2: Primary key / student identifier | F2: Expected to be unique; S1004 is flagged for duplicate/conflicting records.
A3: Students_Clean | B3: First_Name | C3: Student's first name. | D3: Text | E3: Student attribute | F3: Contains personally identifiable student information; handle securely.
A4: Students_Clean | B4: Last_Name | C4: Student's last name. | D4: Text | E4: Student attribute | F4: Contains personally identifiable student information; handle securely.
A5: Students_Clean | B5: Grade | C5: Student's current grade level. | D5: Text / categorical | E5: Student attribute | F5: Missing value was handled as Unknown for the identified record.
A6: Students_Clean | B6: Enrollment_Status | C6: Current enrollment status of the student. | D6: Text / categorical | E6: Student status | F6: Standardized capitalization (e.g., active → Active).
A7: Students_Clean | B7: Program | C7: Program in which the student is enrolled. | D7: Text / categorical | E7: Student attribute | F7: Used for grouping and comparison in analysis.
A8: Students_Clean | B8: Enrollment_Date | C8: Date the student enrolled. | D8: Date | E8: Enrollment attribute | F8: Used for enrollment timing and trend analysis.
A9: Attendance_Clean | B9: Student_ID | C9: Identifier linking attendance records to a student. | D9: Text | E9: Foreign key | F9: Should match Student_ID in Students_Clean.
A10: Attendance_Clean | B10: Days_Enrolled | C10: Number of days the student was enrolled during the reporting period. | D10: Number | E10: Attendance denominator | F10: Used with Days_Present to validate attendance calculations.
A11: Attendance_Clean | B11: Days_Present | C11: Number of days the student was present. | D11: Number | E11: Attendance measure | F11: Should not exceed Days_Enrolled; S1008 is flagged for review.
A12: Attendance_Clean | B12: Days_Absent | C12: Number of days the student was absent. | D12: Number | E12: Attendance measure | F12: Validated as Days_Enrolled minus Days_Present when reliable; S1021 was corrected from -1 to 3.
... A20: Discipline_Clean | B20: Incidents | C20: Number of discipline incidents recorded for the student. | D20: Number | E20: Discipline measure | F20: Counts should not be negative; S1012 is flagged because the source value is -2.

Sheet Data_Model1
A1: Table | B1: Role | C1: Key | D1: Grain
A2: Students_Clean | B2: Student dimension/master | C2: Student_ID | D2: One row per student
A3: Attendance_Clean | B3: Attendance fact | C3: Student_ID | D3: One row per student attendance record
A4: Assessments_Clean | B4: Assessment fact | C4: Student_ID + Assessment + Assessment_Date | D4: One row per assessment
A5: Discipline_Clean | B5: Discipline fact | C5: Student_ID | D5: One row per student discipline record

Sheet Student_Analysis_Ready
A1: Student_ID | B1: First_Name | C1: Last_Name | D1: Grade | E1: Enrollment_Status | F1: Program | G1: Enrollment_Date | H1: Full Name
A2: S1000 | B2: Olivia | C2: Wilson | D2: 8 | E2: Active | F2: MTSS Tier 2 | G2: 45959 | H2: Olivia Wilson
A3: S1001 | B3: Daniel | C3: Brown | D3: 5 | E3: Withdrawn | F3: MTSS Tier 1 | G3: 45920 | H3: Daniel Brown
A4: S1002 | B4: Charlotte | C4: Johnson | D4: 7 | E4: Active | F4: MTSS Tier 1 | G4: 45949 | H4: Charlotte Johnson
A5: S1003 | B5: Isabella | C5: Johnson | D5: 8 | E5: Active | F5: Core | G5: 45951 | H5: Isabella Johnson
A6: S1006 | B6: Ella | C6: Wilson | D6: 6 | E6: Withdrawn | F6: MTSS Tier 1 | G6: 45933 | H6: Ella Wilson
A7: S1007 | B7: Isabella | C7: Anderson | D7: 7 | E7: Active | F7: MTSS Tier 2 | G7: 45903 | H7: Isabella Anderson
A8: S1008 | B8: Isabella | C8: Johnson | D8: 7 | E8: Active | F8: MTSS Tier 1 | G8: 45956 | H8: Isabella Johnson
A9: S1009 | B9: Noah | C9: Wilson | D9: 6 | E9: Active | F9: Core | G9: 45905 | H9: Noah Wilson
A10: S1010 | B10: Lucas | C10: Anderson | D10: 6 | E10: Withdrawn | F10: Core | G10: 45918 | H10: Lucas Anderson
A11: S1012 | B11: Liam | C11: Patel | D11: 7 | E11: Active | F11: Core | G11: 45977 | H11: Liam Patel
A12: S1013 | B12: James | C12: Thomas | D12: 8 | E12: Active | F12: Core | G12: 45914 | H12: James Thomas
A13: S1014 | B13: Ethan | C13: Smith | D13: 8 | E13: Active | F13: MTSS Tier 1 | G13: 45976 | H13: Ethan Smith
... A118: S1119 | B118: Ella | C118: Smith | D118: 5 | E118: Active | F118: MTSS Tier 1 | G118: 45931 | H118: Ella Smith

Sheet Attendence_Analysis_Ready
A1: Student_ID | B1: Grade | C1: Days_Enrolled | D1: Days_Present | E1: Days_Absent | F1: Attendance_Rate
A2: S1000 | B2: 8 | C2: 93 | D2: 81 | E2: 12 | F2: 87.1
A3: S1001 | B3: 5 | C3: 99 | D3: 94 | E3: 5 | F3: 94.9
A4: S1002 | B4: 7 | C4: 145 | D4: 141 | E4: 4 | F4: 97.2
A5: S1003 | B5: 8 | C5: 106 | D5: 106 | E5: 0 | F5: 100
A6: S1004 | B6: 5 | C6: 163 | D6: 143 | E6: 20 | F6: 87.7
A7: S1005 | B7: 5 | C7: 106 | D7: 85 | E7: 21 | F7: 80.2
A8: S1006 | B8: 6 | C8: 173 | D8: 153 | E8: 20 | F8: 88.4
A9: S1007 | B9: 7 | C9: 177 | D9: 172 | E9: 5 | F9: 97.2
A10: S1009 | B10: 6 | C10: 123 | D10: 101 | E10: 22 | F10: 82.1
A11: S1010 | B11: 6 | C11: 95 | D11: 80 | E11: 15 | F11: 84.2
A12: S1011 | B12: 7 | C12: 142 | D12: 139 | E12: 3 | F12: 97.9
A13: S1012 | B13: 7 | C13: 155 | D13: 145 | E13: 10 | F13: 93.5
... A120: S1119 | B120: 5 | C120: 145 | D120: 138 | E120: 7 | F120: 95.2

Sheet Assessment_Analysis_Ready
A1: Student_ID | B1: Grade | C1: Assessment | D1: Assessment_Date | E1: Score | F1: Benchmark
A2: S1000 | B2: 8 | C2: Science | D2: 46076 | E2: 92 | F2: Met
A3: S1001 | B3: 5 | C3: ELA | D3: 46051 | E3: 85 | F3: Met
A4: S1002 | B4: 7 | C4: Science | D4: 46057 | E4: 80 | F4: Met
A5: S1003 | B5: 8 | C5: Math | D5: 46083 | E5: 86 | F5: Met
A6: S1004 | B6: 5 | C6: ELA | D6: 46109 | E6: 82 | F6: Met
A7: S1005 | B7: 5 | C7: Math | D7: 46089 | E7: 79 | F7: Met
A8: S1006 | B8: 6 | C8: Science | D8: 46045 | E8: 58 | F8: Below
A9: S1008 | B9: 7 | C9: Science | D9: 46088 | E9: 70 | F9: Met
A10: S1009 | B10: 6 | C10: Math | D10: 46093 | E10: 89 | F10: Met
A11: S1010 | B11: 6 | C11: Math | D11: 46062 | E11: 90 | F11: Met
A12: S1011 | B12: 7 | C12: Math | D12: 46077 | E12: 68 | F12: Below
A13: S1012 | B13: 7 | C13: Math | D13: 46071 | E13: 87 | F13: Met
... A119: S1119 | B119: 5 | C119: Science | D119: 46043 | E119: 48 | F119: Below

Sheet Discipline_Analysis_Ready
A1: Student_ID | B1: Grade | C1: Incidents | D1: Major_Incidents
A2: S1000 | B2: 8 | C2: 1 | D2: 0
A3: S1001 | B3: 5 | C3: 0 | D3: 0
A4: S1002 | B4: 7 | C4: 2 | D4: 0
A5: S1003 | B5: 8 | C5: 0 | D5: 0
A6: S1004 | B6: 5 | C6: 0 | D6: 0
A7: S1005 | B7: 5 | C7: 0 | D7: 0
A8: S1006 | B8: 6 | C8: 0 | D8: 0
A9: S1007 | B9: 7 | C9: 1 | D9: 0
A10: S1008 | B10: 7 | C10: 0 | D10: 0
A11: S1009 | B11: 6 | C11: 1 | D11: 0
A12: S1010 | B12: 6 | C12: 1 | D12: 0
A13: S1011 | B13: 7 | C13: 1 | D13: 0
... A120: S1119 | B120: 5 | C120: 2 | D120: 0

Sheet Data_Quality_Log
A1: Dataset | B1: Student_ID | C1: Issue | D1: Original_Value | E1: Expected_Value | F1: Action | G1: Reason | H1: Status
A2: Students | B2: S1004 | C2: Duplicate Student_ID with conflicting details | D2: 2 records | E2: One unique Student_ID expected | F2: Retained and flagged | G2: The duplicate records contain different details; source verification is required | H2: Review Required
A3: Attendance | B3: S1008 | C3: Days Present exceeds Days Enrolled | D3: Days Enrolled=158; Days Present=161; Days Absent=5 | E3: Cannot determine | F3: Retained and flagged | G3: The available data cannot determine which source value is incorrect | H3: Review Required
A4: Assessments | B4: S1003 | C4: Exact duplicate record | D4: Identical duplicate row | E4: One record | F4: Removed duplicate copy | G4: The duplicate contained the same values as the retained record | H4: Corrected
A5: Assessments | B5: S1007 | C5: Score exceeds 100 | D5: 130 | E5: Requires business-rule verification | F5: Retained and flagged | G5: Cannot assume a 0–100 scoring scale without source documentation | H5: Review Required
A6: Discipline | B6: S1012 | C6: Invalid negative incident count | D6: -2 | E6: Cannot determine | F6: Retained and flagged | G6: Incident counts cannot be negative, but the correct value cannot be derived from the available data | H6: Review Required
A11: Student Dataset
A12: S1004 | B12: Lucas | C12: Lee | D12: 5 | E12: Active | F12: MTSS Tier 2 | G12: 45916
A13: S1004 | B13: Olivia | C13: Wilson | D13: 5 | E13: Active | F13: MTSS Tier 2 | G13: 45917
A14: S1011 | B14: Mia | C14: Garcia | D14: Unknown | E14: Active | F14: Core | G14: 45959
A16: Attendence Dataset
A17: S1008 | B17: 7 | C17: 158 | D17: 161 | E17: 5 | F17: 96.8
A19: Assessments Dataset
A20: S1007 | B20: 7 | C20: Science | D20: 46110 | E20: 130 | F20: Met
A21: S1019 | B21: 8 | C21: Science | D21: 46043 | F21: Met
A23: Discipline Dataset
A24: S1012 | B24: 7 | C24: -2 | D24: 0

Sheet Student_Outcome_Analysis
A1: Student_ID | B1: Full Name | C1: Grade | D1: Program | E1: Enrollment_Status | F1: Attendance_Rate | G1: Assessment | H1: Assessment_Date | I1: Assessment_Score | J1: Benchmark | K1: Discipline_Incidents | L1: Major_Incidents | M1: KPI | N1: Value
A2: S1000 | B2: =VLOOKUP(A:A,Student_Analysis_Ready!A:H,8,FALSE) -> Olivia Wilson | C2: =VLOOKUP(A2,Student_Analysis_Ready!A:D,4,FALSE) -> 8 | D2: =VLOOKUP(A:A,Student_Analysis_Ready!A:F,6,FALSE) -> MTSS Tier 2 | E2: =VLOOKUP(A:A,Student_Analysis_Ready!A:E,5,FALSE) -> Active | F2: =IFERROR(VLOOKUP(A:A,Attendence_Analysis_Ready!A:F,6,FALSE),"Not Available") -> 87.1 | G2: =IFERROR(VLOOKUP(A:A,Assessment_Analysis_Ready!A:C,3,FALSE),"Not Available") -> Science | H2: =IFERROR(VLOOKUP(A:A,Assessment_Analysis_Ready!A:D,4,FALSE),"Not Available") -> 46076 | I2: =IFERROR(VLOOKUP(A:A,Assessment_Analysis_Ready!A:E,5,FALSE),"Not Available") -> 92 | J2: =IFERROR(VLOOKUP(A:A,Assessment_Analysis_Ready!A:F,6,FALSE),"Not Available") -> Met | K2: =IFERROR(VLOOKUP(A:A,Discipline_Analysis_Ready!A:C,3,FALSE),"Not Available") -> 1 | L2: =IFERROR(VLOOKUP(A:A,Discipline_Analysis_Ready!A:D,4,FALSE),"Not Available") -> 0 | M2: Total Students | N2: =COUNTA(A2:A118) -> 117
A3: S1001 | B3: =VLOOKUP(A:A,Student_Analysis_Ready!A:H,8,FALSE) -> Daniel Brown | C3: =VLOOKUP(A3,Student_Analysis_Ready!A:D,4,FALSE) -> 5 | D3: =VLOOKUP(A:A,Student_Analysis_Ready!A:F,6,FALSE) -> MTSS Tier 1 | E3: =VLOOKUP(A:A,Student_Analysis_Ready!A:E,5,FALSE) -> Withdrawn | F3: =IFERROR(VLOOKUP(A:A,Attendence_Analysis_Ready!A:F,6,FALSE),"Not Available") -> 94.9 | G3: =IFERROR(VLOOKUP(A:A,Assessment_Analysis_Ready!A:C,3,FALSE),"Not Available") -> ELA | H3: =IFERROR(VLOOKUP(A:A,Assessment_Analysis_Ready!A:D,4,FALSE),"Not Available") -> 46051 | I3: =IFERROR(VLOOKUP(A:A,Assessment_Analysis_Ready!A:E,5,FALSE),"Not Available") -> 85 | J3: =IFERROR(VLOOKUP(A:A,Assessment_Analysis_Ready!A:F,6,FALSE),"Not Available") -> Met | K3: =IFERROR(VLOOKUP(A:A,Discipline_Analysis_Ready!A:C,3,FALSE),"Not Available") -> 0 | L3: =IFERROR(VLOOKUP(A:A,Discipline_Analysis_Ready!A:D,4,FALSE),"Not Available") -> 0 | M3: Average Attendance | N3: =AVERAGE(F2:F118) -> 91.83913
A4: S1002 | B4: =VLOOKUP(A:A,Student_Analysis_Ready!A:H,8,FALSE) -> Charlotte Johnson | C4: =VLOOKUP(A4,Student_Analysis_Ready!A:D,4,FALSE) -> 7 | D4: =VLOOKUP(A:A,Student_Analysis_Ready!A:F,6,FALSE) -> MTSS Tier 1 | E4: =VLOOKUP(A:A,Student_Analysis_Ready!A:E,5,FALSE) -> Active | F4: =IFERROR(VLOOKUP(A:A,Attendence_Analysis_Ready!A:F,6,FALSE),"Not Available") -> 97.2 | G4: =IFERROR(VLOOKUP(A:A,Assessment_Analysis_Ready!A:C,3,FALSE),"Not Available") -> Science | H4: =IFERROR(VLOOKUP(A:A,Assessment_Analysis_Ready!A:D,4,FALSE),"Not Available") -> 46057 | I4: =IFERROR(VLOOKUP(A:A,Assessment_Analysis_Ready!A:E,5,FALSE),"Not Available") -> 80 | J4: =IFERROR(VLOOKUP(A:A,Assessment_Analysis_Ready!A:F,6,FALSE),"Not Available") -> Met | K4: =IFERROR(VLOOKUP(A:A,Discipline_Analysis_Ready!A:C,3,FALSE),"Not Available") -> 2 | L4: =IFERROR(VLOOKUP(A:A,Discipline_Analysis_Ready!A:D,4,FALSE),"Not Available") -> 0 | M4: Average Assessment Score | N4: =+AVERAGE(I2:I118) -> 78.105263
A5: S1003 | B5: =VLOOKUP(A:A,Student_Analysis_Ready!A:H,8,FALSE) -> Isabella Johnson | C5: =VLOOKUP(A5,Student_Analysis_Ready!A:D,4,FALSE) -> 8 | D5: =VLOOKUP(A:A,Student_Analysis_Ready!A:F,6,FALSE) -> Core | E5: =VLOOKUP(A:A,Student_Analysis_Ready!A:E,5,FALSE) -> Active | F5: =IFERROR(VLOOKUP(A:A,Attendence_Analysis_Ready!A:F,6,FALSE),"Not Available") -> 100 | G5: =IFERROR(VLOOKUP(A:A,Assessment_Analysis_Ready!A:C,3,FALSE),"Not Available") -> Math | H5: =IFERROR(VLOOKUP(A:A,Assessment_Analysis_Ready!A:D,4,FALSE),"Not Available") -> 46083 | I5: =IFERROR(VLOOKUP(A:A,Assessment_Analysis_Ready!A:E,5,FALSE),"Not Available") -> 86 | J5: =IFERROR(VLOOKUP(A:A,Assessment_Analysis_Ready!A:F,6,FALSE),"Not Available") -> Met | K5: =IFERROR(VLOOKUP(A:A,Discipline_Analysis_Ready!A:C,3,FALSE),"Not Available") -> 0 | L5: =IFERROR(VLOOKUP(A:A,Discipline_Analysis_Ready!A:D,4,FALSE),"Not Available") -> 0 | M5: Total Discipline Incidents | N5: =SUM(K2:K118) -> 150
A6: S1006 | B6: =VLOOKUP(A:A,Student_Analysis_Ready!A:H,8,FALSE) -> Ella Wilson | C6: =VLOOKUP(A6,Student_Analysis_Ready!A:D,4,FALSE) -> 6 | D6: =VLOOKUP(A:A,Student_Analysis_Ready!A:F,6,FALSE) -> MTSS Tier 1 | E6: =VLOOKUP(A:A,Student_Analysis_Ready!A:E,5,FALSE) -> Withdrawn | F6: =IFERROR(VLOOKUP(A:A,Attendence_Analysis_Ready!A:F,6,FALSE),"Not Available") -> 88.4 | G6: =IFERROR(VLOOKUP(A:A,Assessment_Analysis_Ready!A:C,3,FALSE),"Not Available") -> Science | H6: =IFERROR(VLOOKUP(A:A,Assessment_Analysis_Ready!A:D,4,FALSE),"Not Available") -> 46045 | I6: =IFERROR(VLOOKUP(A:A,Assessment_Analysis_Ready!A:E,5,FALSE),"Not Available") -> 58 | J6: =IFERROR(VLOOKUP(A:A,Assessment_Analysis_Ready!A:F,6,FALSE),"Not Available") -> Below | K6: =IFERROR(VLOOKUP(A:A,Discipline_Analysis_Ready!A:C,3,FALSE),"Not Available") -> 0 | L6: =IFERROR(VLOOKUP(A:A,Discipline_Analysis_Ready!A:D,4,FALSE),"Not Available") -> 0 | M6: Total Major Incidents | N6: =SUM(L2:L118) -> 13
A7: S1007 | B7: =VLOOKUP(A:A,Student_Analysis_Ready!A:H,8,FALSE) -> Isabella Anderson | C7: =VLOOKUP(A7,Student_Analysis_Ready!A:D,4,FALSE) -> 7 | D7: =VLOOKUP(A:A,Student_Analysis_Ready!A:F,6,FALSE) -> MTSS Tier 2 | E7: =VLOOKUP(A:A,Student_Analysis_Ready!A:E,5,FALSE) -> Active | F7: =IFERROR(VLOOKUP(A:A,Attendence_Analysis_Ready!A:F,6,FALSE),"Not Available") -> 97.2 | G7: =IFERROR(VLOOKUP(A:A,Assessment_Analysis_Ready!A:C,3,FALSE),"Not Available") -> Not Available | H7: =IFERROR(VLOOKUP(A:A,Assessment_Analysis_Ready!A:D,4,FALSE),"Not Available") -> Not Available | I7: =IFERROR(VLOOKUP(A:A,Assessment_Analysis_Ready!A:E,5,FALSE),"Not Available") -> Not Available | J7: =IFERROR(VLOOKUP(A:A,Assessment_Analysis_Ready!A:F,6,FALSE),"Not Available") -> Not Available | K7: =IFERROR(VLOOKUP(A:A,Discipline_Analysis_Ready!A:C,3,FALSE),"Not Available") -> 1 | L7: =IFERROR(VLOOKUP(A:A,Discipline_Analysis_Ready!A:D,4,FALSE),"Not Available") -> 0
A8: S1008 | B8: =VLOOKUP(A:A,Student_Analysis_Ready!A:H,8,FALSE) -> Isabella Johnson | C8: =VLOOKUP(A8,Student_Analysis_Ready!A:D,4,FALSE) -> 7 | D8: =VLOOKUP(A:A,Student_Analysis_Ready!A:F,6,FALSE) -> MTSS Tier 1 | E8: =VLOOKUP(A:A,Student_Analysis_Ready!A:E,5,FALSE) -> Active | F8: =IFERROR(VLOOKUP(A:A,Attendence_Analysis_Ready!A:F,6,FALSE),"0") -> 0 | G8: =IFERROR(VLOOKUP(A:A,Assessment_Analysis_Ready!A:C,3,FALSE),"Not Available") -> Science | H8: =IFERROR(VLOOKUP(A:A,Assessment_Analysis_Ready!A:D,4,FALSE),"Not Available") -> 46088 | I8: =IFERROR(VLOOKUP(A:A,Assessment_Analysis_Ready!A:E,5,FALSE),"Not Available") -> 70 | J8: =IFERROR(VLOOKUP(A:A,Assessment_Analysis_Ready!A:F,6,FALSE),"Not Available") -> Met | K8: =IFERROR(VLOOKUP(A:A,Discipline_Analysis_Ready!A:C,3,FALSE),"Not Available") -> 0 | L8: =IFERROR(VLOOKUP(A:A,Discipline_Analysis_Ready!A:D,4,FALSE),"Not Available") -> 0
A9: S1009 | B9: =VLOOKUP(A:A,Student_Analysis_Ready!A:H,8,FALSE) -> Noah Wilson | C9: =VLOOKUP(A9,Student_Analysis_Ready!A:D,4,FALSE) -> 6 | D9: =VLOOKUP(A:A,Student_Analysis_Ready!A:F,6,FALSE) -> Core | E9: =VLOOKUP(A:A,Student_Analysis_Ready!A:E,5,FALSE) -> Active | F9: =IFERROR(VLOOKUP(A:A,Attendence_Analysis_Ready!A:F,6,FALSE),"0") -> 82.1 | G9: =IFERROR(VLOOKUP(A:A,Assessment_Analysis_Ready!A:C,3,FALSE),"Not Available") -> Math | H9: =IFERROR(VLOOKUP(A:A,Assessment_Analysis_Ready!A:D,4,FALSE),"Not Available") -> 46093 | I9: =IFERROR(VLOOKUP(A:A,Assessment_Analysis_Ready!A:E,5,FALSE),"Not Available") -> 89 | J9: =IFERROR(VLOOKUP(A:A,Assessment_Analysis_Ready!A:F,6,FALSE),"Not Available") -> Met | K9: =IFERROR(VLOOKUP(A:A,Discipline_Analysis_Ready!A:C,3,FALSE),"Not Available") -> 1 | L9: =IFERROR(VLOOKUP(A:A,Discipline_Analysis_Ready!A:D,4,FALSE),"Not Available") -> 0
A10: S1010 | B10: =VLOOKUP(A:A,Student_Analysis_Ready!A:H,8,FALSE) -> Lucas Anderson | C10: =VLOOKUP(A10,Student_Analysis_Ready!A:D,4,FALSE) -> 6 | D10: =VLOOKUP(A:A,Student_Analysis_Ready!A:F,6,FALSE) -> Core | E10: =VLOOKUP(A:A,Student_Analysis_Ready!A:E,5,FALSE) -> Withdrawn | F10: =IFERROR(VLOOKUP(A:A,Attendence_Analysis_Ready!A:F,6,FALSE),"0") -> 84.2 | G10: =IFERROR(VLOOKUP(A:A,Assessment_Analysis_Ready!A:C,3,FALSE),"Not Available") -> Math | H10: =IFERROR(VLOOKUP(A:A,Assessment_Analysis_Ready!A:D,4,FALSE),"Not Available") -> 46062 | I10: =IFERROR(VLOOKUP(A:A,Assessment_Analysis_Ready!A:E,5,FALSE),"Not Available") -> 90 | J10: =IFERROR(VLOOKUP(A:A,Assessment_Analysis_Ready!A:F,6,FALSE),"Not Available") -> Met | K10: =IFERROR(VLOOKUP(A:A,Discipline_Analysis_Ready!A:C,3,FALSE),"Not Available") -> 1 | L10: =IFERROR(VLOOKUP(A:A,Discipline_Analysis_Ready!A:D,4,FALSE),"Not Available") -> 0
A11: S1012 | B11: =VLOOKUP(A:A,Student_Analysis_Ready!A:H,8,FALSE) -> Liam Patel | C11: =VLOOKUP(A11,Student_Analysis_Ready!A:D,4,FALSE) -> 7 | D11: =VLOOKUP(A:A,Student_Analysis_Ready!A:F,6,FALSE) -> Core | E11: =VLOOKUP(A:A,Student_Analysis_Ready!A:E,5,FALSE) -> Active | F11: =IFERROR(VLOOKUP(A:A,Attendence_Analysis_Ready!A:F,6,FALSE),"0") -> 93.5 | G11: =IFERROR(VLOOKUP(A:A,Assessment_Analysis_Ready!A:C,3,FALSE),"Not Available") -> Math | H11: =IFERROR(VLOOKUP(A:A,Assessment_Analysis_Ready!A:D,4,FALSE),"Not Available") -> 46071 | I11: =IFERROR(VLOOKUP(A:A,Assessment_Analysis_Ready!A:E,5,FALSE),"Not Available") -> 87 | J11: =IFERROR(VLOOKUP(A:A,Assessment_Analysis_Ready!A:F,6,FALSE),"Not Available") -> Met | K11: =IFERROR(VLOOKUP(A:A,Discipline_Analysis_Ready!A:C,3,FALSE),"Not Available") -> Not Available | L11: =IFERROR(VLOOKUP(A:A,Discipline_Analysis_Ready!A:D,4,FALSE),"Not Available") -> Not Available
A12: S1013 | B12: =VLOOKUP(A:A,Student_Analysis_Ready!A:H,8,FALSE) -> James Thomas | C12: =VLOOKUP(A12,Student_Analysis_Ready!A:D,4,FALSE) -> 8 | D12: =VLOOKUP(A:A,Student_Analysis_Ready!A:F,6,FALSE) -> Core | E12: =VLOOKUP(A:A,Student_Analysis_Ready!A:E,5,FALSE) -> Active | F12: =IFERROR(VLOOKUP(A:A,Attendence_Analysis_Ready!A:F,6,FALSE),"0") -> 86.1 | G12: =IFERROR(VLOOKUP(A:A,Assessment_Analysis_Ready!A:C,3,FALSE),"Not Available") -> Science | H12: =IFERROR(VLOOKUP(A:A,Assessment_Analysis_Ready!A:D,4,FALSE),"Not Available") -> 46099 | I12: =IFERROR(VLOOKUP(A:A,Assessment_Analysis_Ready!A:E,5,FALSE),"Not Available") -> 72 | J12: =IFERROR(VLOOKUP(A:A,Assessment_Analysis_Ready!A:F,6,FALSE),"Not Available") -> Met | K12: =IFERROR(VLOOKUP(A:A,Discipline_Analysis_Ready!A:C,3,FALSE),"Not Available") -> 3 | L12: =IFERROR(VLOOKUP(A:A,Discipline_Analysis_Ready!A:D,4,FALSE),"Not Available") -> 1
A13: S1014 | B13: =VLOOKUP(A:A,Student_Analysis_Ready!A:H,8,FALSE) -> Ethan Smith | C13: =VLOOKUP(A13,Student_Analysis_Ready!A:D,4,FALSE) -> 8 | D13: =VLOOKUP(A:A,Student_Analysis_Ready!A:F,6,FALSE) -> MTSS Tier 1 | E13: =VLOOKUP(A:A,Student_Analysis_Ready!A:E,5,FALSE) -> Active | F13: =IFERROR(VLOOKUP(A:A,Attendence_Analysis_Ready!A:F,6,FALSE),"0") -> 83.3 | G13: =IFERROR(VLOOKUP(A:A,Assessment_Analysis_Ready!A:C,3,FALSE),"Not Available") -> Science | H13: =IFERROR(VLOOKUP(A:A,Assessment_Analysis_Ready!A:D,4,FALSE),"Not Available") -> 46061 | I13: =IFERROR(VLOOKUP(A:A,Assessment_Analysis_Ready!A:E,5,FALSE),"Not Available") -> 72 | J13: =IFERROR(VLOOKUP(A:A,Assessment_Analysis_Ready!A:F,6,FALSE),"Not Available") -> Met | K13: =IFERROR(VLOOKUP(A:A,Discipline_Analysis_Ready!A:C,3,FALSE),"Not Available") -> 1 | L13: =IFERROR(VLOOKUP(A:A,Discipline_Analysis_Ready!A:D,4,FALSE),"Not Available") -> 0
A14: S1015 | B14: =VLOOKUP(A:A,Student_Analysis_Ready!A:H,8,FALSE) -> Liam Taylor | C14: =VLOOKUP(A14,Student_Analysis_Ready!A:D,4,FALSE) -> 6 | D14: =VLOOKUP(A:A,Student_Analysis_Ready!A:F,6,FALSE) -> Core | E14: =VLOOKUP(A:A,Student_Analysis_Ready!A:E,5,FALSE) -> Active | F14: =IFERROR(VLOOKUP(A:A,Attendence_Analysis_Ready!A:F,6,FALSE),"0") -> 95.1 | G14: =IFERROR(VLOOKUP(A:A,Assessment_Analysis_Ready!A:C,3,FALSE),"Not Available") -> ELA | H14: =IFERROR(VLOOKUP(A:A,Assessment_Analysis_Ready!A:D,4,FALSE),"Not Available") -> 46126 | I14: =IFERROR(VLOOKUP(A:A,Assessment_Analysis_Ready!A:E,5,FALSE),"Not Available") -> 79 | J14: =IFERROR(VLOOKUP(A:A,Assessment_Analysis_Ready!A:F,6,FALSE),"Not Available") -> Met | K14: =IFERROR(VLOOKUP(A:A,Discipline_Analysis_Ready!A:C,3,FALSE),"Not Available") -> 0 | L14: =IFERROR(VLOOKUP(A:A,Discipline_Analysis_Ready!A:D,4,FALSE),"Not Available") -> 0
A15: S1016 | B15: =VLOOKUP(A:A,Student_Analysis_Ready!A:H,8,FALSE) -> Ava Miller | C15: =VLOOKUP(A15,Student_Analysis_Ready!A:D,4,FALSE) -> 8 | D15: =VLOOKUP(A:A,Student_Analysis_Ready!A:F,6,FALSE) -> MTSS Tier 1 | E15: =VLOOKUP(A:A,Student_Analysis_Ready!A:E,5,FALSE) -> Active | F15: =IFERROR(VLOOKUP(A:A,Attendence_Analysis_Ready!A:F,6,FALSE),"0") -> 80.4 | G15: =IFERROR(VLOOKUP(A:A,Assessment_Analysis_Ready!A:C,3,FALSE),"Not Available") -> ELA | H15: =IFERROR(VLOOKUP(A:A,Assessment_Analysis_Ready!A:D,4,FALSE),"Not Available") -> 46111 | I15: =IFERROR(VLOOKUP(A:A,Assessment_Analysis_Ready!A:E,5,FALSE),"Not Available") -> 79 | J15: =IFERROR(VLOOKUP(A:A,Assessment_Analysis_Ready!A:F,6,FALSE),"Not Available") -> Met | K15: =IFERROR(VLOOKUP(A:A,Discipline_Analysis_Ready!A:C,3,FALSE),"Not Available") -> 1 | L15: =IFERROR(VLOOKUP(A:A,Discipline_Analysis_Ready!A:D,4,FALSE),"Not Available") -> 0
A16: S1017 | B16: =VLOOKUP(A:A,Student_Analysis_Ready!A:H,8,FALSE) -> James Lee | C16: =VLOOKUP(A16,Student_Analysis_Ready!A:D,4,FALSE) -> 5 | D16: =VLOOKUP(A:A,Student_Analysis_Ready!A:F,6,FALSE) -> Core | E16: =VLOOKUP(A:A,Student_Analysis_Ready!A:E,5,FALSE) -> Active | F16: =IFERROR(VLOOKUP(A:A,Attendence_Analysis_Ready!A:F,6,FALSE),"0") -> 98.6 | G16: =IFERROR(VLOOKUP(A:A,Assessment_Analysis_Ready!A:C,3,FALSE),"Not Available") -> Math | H16: =IFERROR(VLOOKUP(A:A,Assessment_Analysis_Ready!A:D,4,FALSE),"Not Available") -> 46074 | I16: =IFERROR(VLOOKUP(A:A,Assessment_Analysis_Ready!A:E,5,FALSE),"Not Available") -> 76 | J16: =IFERROR(VLOOKUP(A:A,Assessment_Analysis_Ready!A:F,6,FALSE),"Not Available") -> Met | K16: =IFERROR(VLOOKUP(A:A,Discipline_Analysis_Ready!A:C,3,FALSE),"Not Available") -> 2 | L16: =IFERROR(VLOOKUP(A:A,Discipline_Analysis_Ready!A:D,4,FALSE),"Not Available") -> 0
A17: S1018 | B17: =VLOOKUP(A:A,Student_Analysis_Ready!A:H,8,FALSE) -> James Patel | C17: =VLOOKUP(A17,Student_Analysis_Ready!A:D,4,FALSE) -> 8 | D17: =VLOOKUP(A:A,Student_Analysis_Ready!A:F,6,FALSE) -> MTSS Tier 1 | E17: =VLOOKUP(A:A,Student_Analysis_Ready!A:E,5,FALSE) -> Active | F17: =IFERROR(VLOOKUP(A:A,Attendence_Analysis_Ready!A:F,6,FALSE),"0") -> 89.3 | G17: =IFERROR(VLOOKUP(A:A,Assessment_Analysis_Ready!A:C,3,FALSE),"Not Available") -> Science | H17: =IFERROR(VLOOKUP(A:A,Assessment_Analysis_Ready!A:D,4,FALSE),"Not Available") -> 46038 | I17: =IFERROR(VLOOKUP(A:A,Assessment_Analysis_Ready!A:E,5,FALSE),"Not Available") -> 60 | J17: =IFERROR(VLOOKUP(A:A,Assessment_Analysis_Ready!A:F,6,FALSE),"Not Available") -> Below | K17: =IFERROR(VLOOKUP(A:A,Discipline_Analysis_Ready!A:C,3,FALSE),"Not Available") -> 4 | L17: =IFERROR(VLOOKUP(A:A,Discipline_Analysis_Ready!A:D,4,FALSE),"Not Available") -> 1
A18: S1019 | B18: =VLOOKUP(A:A,Student_Analysis_Ready!A:H,8,FALSE) -> Harper Thomas | C18: =VLOOKUP(A18,Student_Analysis_Ready!A:D,4,FALSE) -> 8 | D18: =VLOOKUP(A:A,Student_Analysis_Ready!A:F,6,FALSE) -> Core | E18: =VLOOKUP(A:A,Student_Analysis_Ready!A:E,5,FALSE) -> Active | F18: =IFERROR(VLOOKUP(A:A,Attendence_Analysis_Ready!A:F,6,FALSE),"0") -> 95.7 | G18: =IFERROR(VLOOKUP(A:A,Assessment_Analysis_Ready!A:C,3,FALSE),"Not Available") -> Not Available | H18: =IFERROR(VLOOKUP(A:A,Assessment_Analysis_Ready!A:D,4,FALSE),"Not Available") -> Not Available | I18: =IFERROR(VLOOKUP(A:A,Assessment_Analysis_Ready!A:E,5,FALSE),"Not Available") -> Not Available | J18: =IFERROR(VLOOKUP(A:A,Assessment_Analysis_Ready!A:F,6,FALSE),"Not Available") -> Not Available | K18: =IFERROR(VLOOKUP(A:A,Discipline_Analysis_Ready!A:C,3,FALSE),"Not Available") -> 2 | L18: =IFERROR(VLOOKUP(A:A,Discipline_Analysis_Ready!A:D,4,FALSE),"Not Available") -> 0
A19: S1020 | B19: =VLOOKUP(A:A,Student_Analysis_Ready!A:H,8,FALSE) -> Mason Thomas | C19: =VLOOKUP(A19,Student_Analysis_Ready!A:D,4,FALSE) -> 5 | D19: =VLOOKUP(A:A,Student_Analysis_Ready!A:F,6,FALSE) -> Core | E19: =VLOOKUP(A:A,Student_Analysis_Ready!A:E,5,FALSE) -> Active | F19: =IFERROR(VLOOKUP(A:A,Attendence_Analysis_Ready!A:F,6,FALSE),"0") -> 96.2 | G19: =IFERROR(VLOOKUP(A:A,Assessment_Analysis_Ready!A:C,3,FALSE),"Not Available") -> Science | H19: =IFERROR(VLOOKUP(A:A,Assessment_Analysis_Ready!A:D,4,FALSE),"Not Available") -> 46118 | I19: =IFERROR(VLOOKUP(A:A,Assessment_Analysis_Ready!A:E,5,FALSE),"Not Available") -> 100 | J19: =IFERROR(VLOOKUP(A:A,Assessment_Analysis_Ready!A:F,6,FALSE),"Not Available") -> Met | K19: =IFERROR(VLOOKUP(A:A,Discipline_Analysis_Ready!A:C,3,FALSE),"Not Available") -> 2 | L19: =IFERROR(VLOOKUP(A:A,Discipline_Analysis_Ready!A:D,4,FALSE),"Not Available") -> 1
... A118: S1119 | B118: =VLOOKUP(A:A,Student_Analysis_Ready!A:H,8,FALSE) -> Ella Smith | C118: =VLOOKUP(A118,Student_Analysis_Ready!A:D,4,FALSE) -> 5 | D118: =VLOOKUP(A:A,Student_Analysis_Ready!A:F,6,FALSE) -> MTSS Tier 1 | E118: =VLOOKUP(A:A,Student_Analysis_Ready!A:E,5,FALSE) -> Active | F118: =IFERROR(VLOOKUP(A:A,Attendence_Analysis_Ready!A:F,6,FALSE),"0") -> 95.2 | G118: =IFERROR(VLOOKUP(A:A,Assessment_Analysis_Ready!A:C,3,FALSE),"Not Available") -> Science | H118: =IFERROR(VLOOKUP(A:A,Assessment_Analysis_Ready!A:D,4,FALSE),"Not Available") -> 46043 | I118: =IFERROR(VLOOKUP(A:A,Assessment_Analysis_Ready!A:E,5,FALSE),"Not Available") -> 48 | J118: =IFERROR(VLOOKUP(A:A,Assessment_Analysis_Ready!A:F,6,FALSE),"Not Available") -> Below | K118: =IFERROR(VLOOKUP(A:A,Discipline_Analysis_Ready!A:C,3,FALSE),"Not Available") -> 2 | L118: =IFERROR(VLOOKUP(A:A,Discipline_Analysis_Ready!A:D,4,FALSE),"Not Available") -> 0

Sheet Grade Analysis
A3: Grade | B3: Average Attendance | C3: Average Assessment Score | D3: Sum of Discipline Incidents | E3: Sum of Major Incidents
A4: 5 | B4: 91.485185 | C4: 80.481481 | D4: 32 | E4: 1
A5: 6 | B5: 91.28 | C5: 75.8 | D5: 32 | E5: 4
A6: 7 | B6: 93.477273 | C6: 76.956522 | D6: 22 | E6: 3
A7: 8 | B7: 91.534146 | C7: 78.615385 | D7: 64 | E7: 5
A8: Grand Total | B8: 91.83913 | C8: 78.105263 | D8: 150 | E8: 13

Sheet Program Analysis
A1: Program | B1: Average of Attendance_Rate | C1: Average of Assessment_Score | D1: Sum of Discipline_Incidents | E1: Sum of Major_Incidents
A2: Core | B2: 93.153448 | C2: 78.75 | D2: 74 | E2: 8
A3: MTSS Tier 1 | B3: 90.231034 | C3: 74.709677 | D3: 39 | E3: 3
A4: MTSS Tier 2 | B4: 90.716667 | C4: 80.058824 | D4: 15 | E4: 0
A5: MTSS Tier 3 | B5: 90.9 | C5: 81.7 | D5: 22 | E5: 2
A6: Grand Total | B6: 91.83913 | C6: 78.105263 | D6: 150 | E6: 13

Sheet Attendance VS Assessment
B5: Attendance Rate | C5: Average of Assessment_Score
B6: 75 | C6: 85
B7: 75.3 | C7: 86
B8: 76.3 | C8: 100
B9: 79.2
B10: 79.4 | C10: 69
B11: 80.4 | C11: 79
B12: 81.1 | C12: 70
B13: 81.6 | C13: 61
B14: 82.1 | C14: 89
B15: 83.3 | C15: 71
B16: 83.6 | C16: 75
B17: 83.8 | C17: 80.5
B18: 84.2 | C18: 86.5
B19: 84.4 | C19: 66
B20: 84.5 | C20: 87
B21: 84.6 | C21: 73.5
... B63: 95.6 | C63: 83
B64: 95.7
B65: 95.9 | C65: 90
B66: 96 | C66: 79.5
B67: 96.2 | C67: 100
B68: 96.3 | C68: 85.5
B69: 96.8 | C69: 78
B70: 96.9 | C70: 67.5
B71: 97.2 | C71: 80
B72: 97.4 | C72: 61
B73: 97.6 | C73: 60
B74: 97.7 | C74: 77
B75: 98 | C75: 55
B76: 98.1 | C76: 83
... B86: 100 | C86: 79.666667
B87: Not Available | C87: 73.5
B88: (blank)
B89: Grand Total | C89: 78.105263

Sheet Leadership Dashboard
A1: Student Performance & Outcomes - Leadership Dashboard
A3: Total Students | C3: Average Attendance | E3: Average Assessment Score | G3: Students Below 85% Attendance
A4: =COUNTA(Student_Outcome_Analysis!A2:A118) -> 117 | C4: =AVERAGE(Student_Outcome_Analysis!F2:F118) -> 91.83913 | E4: =AVERAGE(Student_Outcome_Analysis!I2:I118) -> 78.105263 | G4: =COUNTIF(Student_Outcome_Analysis!F2:F118,"<85") -> 22

Sheet Dashboard Data
B5: Grade | C5: Average Attendance | F5: Grade | G5: Average Assessment Score | J5: Program | K5: Average of Assessment_Score
B6: 5 | C6: 91.485185 | F6: 5 | G6: 80.481481 | J6: Core | K6: 78.75
B7: 6 | C7: 91.28 | F7: 6 | G7: 75.8 | J7: MTSS Tier 1 | K7: 74.709677
B8: 7 | C8: 93.477273 | F8: 7 | G8: 76.956522 | J8: MTSS Tier 2 | K8: 80.058824
B9: 8 | C9: 91.534146 | F9: 8 | G9: 78.615385 | J9: MTSS Tier 3 | K9: 81.7
B14: Row Labels | C14: Average of Assessment_Score
B15: 75 | C15: 85
B16: 75.3 | C16: 86
B17: 76.3 | C17: 100
B18: 79.2 | C18: #DIV/0!
B19: 79.4 | C19: 69
B20: 80.4 | C20: 79
B21: 81.1 | C21: 70
B22: 81.6 | C22: 61
B23: 82.1 | C23: 89
B24: 83.3 | C24: 71
B25: 83.6 | C25: 75
B26: 83.8 | C26: 80.5
B27: 84.2 | C27: 86.5
B28: 84.4 | C28: 66
B29: 84.5 | C29: 87
B30: 84.6 | C30: 73.5
... B72: 95.6 | C72: 83
B73: 95.7 | C73: #DIV/0!
B74: 95.9 | C74: 90
B75: 96 | C75: 79.5
B76: 96.2 | C76: 100
B77: 96.3 | C77: 85.5
B78: 96.8 | C78: 78
B79: 96.9 | C79: 67.5
B80: 97.2 | C80: 80
B81: 97.4 | C81: 61
B82: 97.6 | C82: 60
B83: 97.7 | C83: 77
B84: 98 | C84: 55
B85: 98.1 | C85: 83
... B95: 100 | C95: 79.666667
B96: Not Available | C96: 73.5
